customer_id,last_purchase_date,frequency,monetary
1001,2022-03-14,13,8157722.0
1002,2022-07-31,13,3384736.0
1003,2023-03-08,14,5110727.0
1004,2022-07-31,12,12177982.0
1005,2022-09-08,13,10839294.0
1006,2022-06-17,13,637761.0
1007,2022-09-20,4,12256602.0
1008,2022-11-27,10,4890780.0
1009,2022-08-18,5,8829789.0
1010,2022-08-27,8,9037753.0
1011,2022-10-02,14,11435797.0
1012,2022-05-23,2,11114984.0
1013,2022-03-11,8,3844842.0
1014,2023-03-21,16,8204603.0
1015,2022-11-08,7,5194150.0
1016,2023-01-29,3,6782802.0
1017,2022-06-23,4,7133876.0
1018,2022-12-02,7,5225939.0
1019,2022-04-19,4,6039923.0
1020,2022-07-22,9,2960524.0
1021,2022-07-04,17,7772139.0
1022,2022-10-18,17,9595466.0
1023,2022-11-24,14,5628382.0
1024,2022-04-02,14,12231045.0
1025,2022-09-16,13,1139578.0
1026,2022-11-18,4,7549386.0
1027,2023-03-13,13,7482389.0
1028,2022-07-25,17,887370.0
1029,2022-02-21,15,3156071.0
1030,2022-12-15,11,11361788.0
1031,2022-06-30,4,7011394.0
1032,2023-03-14,11,5708450.0
1033,2022-10-30,10,5456732.0
1034,2022-01-03,13,11152338.0
1035,2023-03-25,8,4872726.0
1036,2023-02-03,13,10802961.0
1037,2022-03-25,9,4175771.0
1038,2022-08-02,1,6854623.0
1039,2022-02-03,1,2183028.0
1040,2022-02-19,15,10391615.0
1041,2022-10-16,4,9318497.0
1042,2022-11-25,1,6837621.0
1043,2022-09-16,12,762111.0
1044,2022-09-15,11,6249151.0
1045,2023-01-23,15,3163618.0
1046,2022-09-29,10,5431160.0
1047,2022-07-01,1,10769939.0
1048,2022-02-02,3,9723720.0
1049,2022-09-22,14,3365533.0
1050,2022-11-09,15,12318689.0
1051,2022-02-09,1,11333687.0
1052,2022-11-04,10,6820515.0
1053,2022-07-29,1,6838311.0
1054,2022-09-29,15,11310255.0
1055,2022-05-16,3,8115545.0
1056,2022-03-28,12,6917095.0
1057,2022-03-01,16,9477240.0
1058,2022-06-13,8,3282920.0
1059,2022-01-03,14,11034448.0
1060,2022-01-15,1,6853554.0
1061,2022-04-12,2,7722167.0
1062,2022-09-12,12,1533824.0
1063,2022-08-13,17,4179583.0
1064,2022-07-29,2,5592161.0
1065,2022-01-23,17,5437610.0
1066,2022-08-23,7,9828327.0
1067,2022-05-11,6,3851985.0
1068,2022-06-07,6,2644417.0
1069,2022-06-22,8,7470538.0
1070,2022-01-17,5,7860929.0
1071,2023-01-05,15,1915079.0
1072,2023-03-18,7,479745.0
1073,2022-11-10,3,11507671.0
1074,2023-01-01,10,1409626.0
1075,2022-07-04,3,11269297.0
1076,2023-01-26,14,5260539.0
1077,2023-02-27,3,8319324.0
1078,2022-11-30,1,2686657.0
1079,2023-03-18,1,10378200.0
1080,2022-07-03,4,2621330.0
1081,2022-05-23,2,5107435.0
1082,2022-02-13,11,3318211.0
1083,2022-01-12,12,10541947.0
1084,2022-01-08,13,10792947.0
1085,2022-03-21,16,4932948.0
1086,2022-10-24,16,4153911.0
1087,2022-06-11,9,9771463.0
1088,2022-10-29,16,11036069.0
1089,2022-08-04,7,7969441.0
1090,2022-09-05,13,11625214.0
1091,2022-01-29,4,5065678.0
1092,2022-09-29,13,2280231.0
1093,2022-05-13,8,2614698.0
1094,2022-01-05,2,8521475.0
1095,2022-09-01,7,5360693.0
1096,2022-01-30,11,2333591.0
1097,2022-04-27,17,3971334.0
1098,2022-06-27,14,6843791.0
1099,2022-09-18,13,1913415.0
1100,2022-08-23,15,491482.0
1101,2022-05-21,9,11503441.0
1102,2022-11-01,3,4123577.0
1103,2022-12-11,13,3119053.0
1104,2022-02-19,13,8866694.0
1105,2022-09-27,9,10733503.0
1106,2022-04-18,5,8068959.0
1107,2022-02-15,11,3516517.0
1108,2022-03-23,2,10832721.0
1109,2022-05-06,17,6600648.0
1110,2022-03-25,4,5043349.0
1111,2022-10-17,8,7736950.0
1112,2022-03-12,12,8892377.0
1113,2022-06-24,11,7605650.0
1114,2022-11-12,16,11538958.0
1115,2022-11-26,5,8017615.0
1116,2022-12-03,3,11036898.0
1117,2023-01-30,12,7522849.0
1118,2022-12-20,15,4422639.0
1119,2022-04-01,16,6864177.0
1120,2022-12-17,13,1490357.0
1121,2023-03-10,7,3223604.0
1122,2022-09-06,15,9683092.0
1123,2022-05-12,3,8420781.0
1124,2022-06-18,12,2456550.0
1125,2023-03-19,8,5728083.0
1126,2022-03-01,12,2161006.0
1127,2023-01-04,3,10762605.0
1128,2022-12-03,12,1765495.0
1129,2022-08-29,2,8333532.0
1130,2022-07-09,14,7764350.0
1131,2022-12-06,14,6146959.0
1132,2022-10-08,4,3802727.0
1133,2022-08-20,17,5317676.0
1134,2022-10-16,15,10167015.0
1135,2022-10-02,16,9626687.0
1136,2022-11-09,5,9352650.0
1137,2022-01-15,17,9485374.0
1138,2022-02-10,7,2183831.0
1139,2023-03-29,15,1644112.0
1140,2022-07-27,17,10831058.0
1141,2022-03-01,12,10537954.0
1142,2022-12-31,11,8659886.0
1143,2022-08-28,11,7751164.0
1144,2022-04-06,2,4870804.0
1145,2022-10-05,15,3150195.0
1146,2023-03-03,5,8495260.0
1147,2022-06-09,16,11452067.0
1148,2023-02-01,4,5715809.0
1149,2023-02-26,10,4103710.0
1150,2022-10-09,2,3712439.0
1151,2022-07-28,15,735648.0
1152,2022-05-13,4,6719817.0
1153,2023-01-16,16,12358244.0
1154,2023-03-09,7,10273614.0
1155,2022-04-07,12,11264570.0
1156,2022-08-07,3,7935027.0
1157,2023-01-24,17,6251429.0
1158,2022-03-12,9,12385007.0
1159,2023-03-08,8,5838303.0
1160,2022-10-01,6,11497808.0
1161,2022-12-17,15,9630230.0
1162,2022-05-14,10,4438290.0
1163,2022-03-07,6,6511899.0
1164,2022-05-07,15,5081167.0
1165,2022-07-24,14,2091490.0
1166,2022-10-25,13,4749037.0
1167,2022-04-27,14,11162123.0
1168,2023-03-12,3,9519260.0
1169,2022-09-24,4,3794852.0
1170,2022-10-09,14,4883355.0
1171,2022-05-29,14,7878029.0
1172,2022-07-13,8,5464485.0
1173,2022-06-17,10,6511682.0
1174,2022-11-08,9,8862929.0
1175,2023-01-09,14,6080373.0
1176,2022-06-28,8,2751186.0
1177,2022-05-28,11,6722916.0
1178,2022-02-26,10,4741225.0
1179,2022-01-05,4,3953347.0
1180,2022-01-14,4,4403708.0
1181,2022-10-07,12,5739977.0
1182,2022-11-20,8,11133688.0
1183,2023-03-12,3,9295388.0
1184,2022-10-31,7,8497977.0
1185,2022-08-04,1,6128686.0
1186,2022-06-24,13,472051.0
1187,2022-11-12,3,4553636.0
1188,2022-01-03,3,10248964.0
1189,2023-01-10,15,5127459.0
1190,2022-05-17,4,7244020.0
1191,2022-04-10,13,2917115.0
1192,2022-03-24,13,11486086.0
1193,2022-10-07,15,11574204.0
1194,2022-05-12,16,2210148.0
1195,2023-01-28,7,9176115.0
1196,2022-01-01,3,1356624.0
1197,2022-04-26,2,7662499.0
1198,2023-02-23,11,2602776.0
1199,2022-07-21,1,2205748.0
1200,2022-05-20,16,499644.0
1201,2022-05-26,17,11787328.0
1202,2022-09-23,16,10442493.0
1203,2022-07-21,10,1383580.0
1204,2023-02-06,17,7672476.0
1205,2022-06-01,3,3256424.0
1206,2023-01-20,14,3631391.0
1207,2022-08-10,2,10983752.0
1208,2022-03-20,12,1827625.0
1209,2022-07-19,11,7697956.0
1210,2022-09-07,17,5285129.0
1211,2022-04-09,6,2749147.0
1212,2023-02-04,13,5895613.0
1213,2022-08-01,7,11782896.0
1214,2022-05-23,11,9868401.0
1215,2022-07-09,7,2041942.0
1216,2023-01-24,13,10685628.0
1217,2022-10-28,13,11746158.0
1218,2023-01-09,1,3787420.0
1219,2022-02-21,15,4467707.0
1220,2023-03-31,14,1972035.0
1221,2022-04-22,3,4606528.0
1222,2022-05-15,4,8561347.0
1223,2023-02-15,7,3729468.0
1224,2022-04-22,1,532241.0
1225,2022-01-13,3,4529463.0
1226,2022-09-30,15,5910747.0
1227,2022-08-21,13,7274590.0
1228,2022-02-13,14,8690093.0
1229,2023-02-01,7,1194501.0
1230,2022-03-14,1,6110511.0
1231,2022-09-18,13,3659668.0
1232,2022-08-19,4,11873033.0
1233,2022-02-02,12,4786777.0
1234,2023-01-23,7,1656491.0
1235,2023-02-14,2,949972.0
1236,2022-03-09,17,3648141.0
1237,2022-01-16,1,2605489.0
1238,2022-05-30,14,8280086.0
1239,2022-10-19,1,10655947.0
1240,2022-04-12,3,4216332.0
1241,2022-07-05,11,7412387.0
1242,2023-03-15,7,9250179.0
1243,2023-02-23,9,5251777.0
1244,2022-01-25,3,1249224.0
1245,2022-03-13,1,3211678.0
1246,2022-03-22,2,11090943.0
1247,2022-03-02,5,10384987.0
1248,2022-01-18,17,1492717.0
1249,2022-08-30,5,3148582.0
1250,2022-02-27,14,9718442.0
1251,2022-11-28,10,6305074.0
1252,2023-01-12,7,9607603.0
1253,2022-02-26,8,2993664.0
1254,2022-04-07,8,11930013.0
1255,2022-08-03,7,9892470.0
1256,2022-11-15,13,2829301.0
1257,2022-01-12,14,7179313.0
1258,2022-01-11,11,1812820.0
1259,2023-02-01,2,4805290.0
1260,2022-06-12,17,8398437.0
1261,2022-10-10,6,4428039.0
1262,2022-08-05,9,8363939.0
1263,2022-12-26,5,3399593.0
1264,2022-11-19,9,9140542.0
1265,2022-08-29,7,4783054.0
1266,2022-12-11,4,9975299.0
1267,2022-02-14,17,2097113.0
1268,2022-03-22,4,4811834.0
1269,2022-09-12,16,6040386.0
1270,2022-03-08,5,5557339.0
1271,2023-02-10,9,5668789.0
1272,2022-04-12,2,5809880.0
1273,2022-04-01,2,12365082.0
1274,2022-02-11,4,2777543.0
1275,2022-10-03,17,9712399.0
1276,2022-10-31,3,7099055.0
1277,2022-10-01,5,5434222.0
1278,2023-01-19,10,8084021.0
1279,2022-03-18,6,10735054.0
1280,2022-08-22,3,6072992.0
1281,2023-03-30,17,10870856.0
1282,2022-07-21,10,1580270.0
1283,2022-08-09,12,8319665.0
1284,2022-09-19,1,4464820.0
1285,2022-02-08,4,5109920.0
1286,2022-01-11,15,7330788.0
1287,2022-04-22,9,6232997.0
1288,2023-02-13,6,5050442.0
1289,2022-04-18,12,4165297.0
1290,2022-04-04,15,7900699.0
1291,2022-11-07,9,6542235.0
1292,2022-03-25,13,4345875.0
1293,2022-02-27,16,2919780.0
1294,2022-10-20,13,9782342.0
1295,2022-01-16,1,10086565.0
1296,2022-11-22,3,3026147.0
1297,2022-04-03,17,3602871.0
1298,2022-06-14,5,3331673.0
1299,2023-03-13,6,11109065.0
1300,2022-08-03,17,9778271.0
1301,2022-05-24,17,1348611.0
1302,2022-10-01,1,10483625.0
1303,2023-02-07,7,894064.0
1304,2023-03-04,16,3501057.0
1305,2023-01-21,5,11523846.0
1306,2023-03-18,16,10865192.0
1307,2022-05-18,4,9866286.0
1308,2022-07-23,11,5963444.0
1309,2022-10-29,14,4323040.0
1310,2022-07-29,13,11072627.0
1311,2022-01-19,8,8367743.0
1312,2022-10-21,15,4010882.0
1313,2022-10-20,7,6031510.0
1314,2023-01-03,9,11072078.0
1315,2022-10-28,11,11336638.0
1316,2023-01-08,10,8394590.0
1317,2022-06-11,14,9277298.0
1318,2022-05-10,16,923539.0
1319,2022-02-13,8,7735436.0
1320,2022-12-19,1,8752360.0
1321,2022-03-24,12,695545.0
1322,2023-01-15,3,10618501.0
1323,2022-05-04,2,11635834.0
1324,2022-01-27,16,3317134.0
1325,2022-10-31,4,10641841.0
1326,2022-12-16,2,8469427.0
1327,2022-01-07,12,7447385.0
1328,2023-02-15,17,10609668.0
1329,2022-12-07,10,3891607.0
1330,2022-07-18,8,9979817.0
1331,2022-04-22,2,4239975.0
1332,2022-03-30,12,9938851.0
1333,2022-05-08,10,5885201.0
1334,2022-08-18,8,1859193.0
1335,2022-01-18,10,5047314.0
1336,2022-10-16,11,3263594.0
1337,2022-06-10,14,1661405.0
1338,2022-12-18,15,1778959.0
1339,2023-01-13,10,9849860.0
1340,2022-10-08,4,11070844.0
1341,2023-02-02,7,11621906.0
1342,2023-02-26,11,10740051.0
1343,2022-06-15,3,10454200.0
1344,2022-09-17,5,1279472.0
1345,2022-12-30,2,9970989.0
1346,2022-07-09,12,9888556.0
1347,2022-12-04,5,2032049.0
1348,2022-09-23,7,8427211.0
1349,2022-10-18,4,5902713.0
1350,2022-12-21,11,11295163.0
1351,2022-12-26,9,8829671.0
1352,2022-10-06,4,11909400.0
1353,2022-08-05,9,1714318.0
1354,2022-11-17,12,939318.0
1355,2022-12-04,16,12181631.0
1356,2022-07-26,1,1416316.0
1357,2022-06-02,8,5103660.0
1358,2022-06-30,1,8282146.0
1359,2022-07-31,4,11054683.0
1360,2022-09-30,14,3517657.0
1361,2023-03-17,14,800151.0
1362,2022-07-22,9,6731506.0
1363,2022-07-24,9,6126900.0
1364,2023-02-08,17,4148063.0
1365,2023-01-19,15,10980487.0
1366,2022-06-02,10,9479332.0
1367,2022-06-19,17,10790302.0
1368,2023-03-05,9,2399798.0
1369,2022-08-29,4,8793564.0
1370,2022-10-14,14,12199976.0
1371,2022-09-02,3,7823562.0
1372,2022-11-17,12,2514941.0
1373,2023-03-12,1,12449154.0
1374,2022-03-21,1,6816299.0
1375,2022-04-02,13,10572711.0
1376,2022-05-29,14,2249805.0
1377,2022-01-30,16,8476459.0
1378,2022-05-03,7,11447043.0
1379,2023-01-22,10,6860815.0
1380,2022-11-22,15,3928354.0
1381,2023-03-03,8,1985433.0
1382,2022-01-29,11,4016133.0
1383,2022-09-16,14,4726355.0
1384,2022-07-05,13,9004959.0
1385,2023-02-21,13,2602388.0
1386,2022-03-16,9,1728564.0
1387,2022-02-14,17,5112621.0
1388,2022-03-10,13,5976776.0
1389,2023-02-20,12,8022040.0
1390,2023-01-02,8,8975752.0
1391,2022-07-29,11,11165796.0
1392,2022-08-27,7,3931890.0
1393,2022-12-06,1,6819724.0
1394,2022-11-04,10,4860791.0
1395,2022-07-11,15,467131.0
1396,2023-01-07,4,7432153.0
1397,2022-04-13,1,10280343.0
1398,2022-08-29,11,889096.0
1399,2022-09-10,5,492076.0
1400,2023-02-28,4,9220212.0
1401,2022-08-08,2,8690510.0
1402,2023-02-01,7,5340518.0
1403,2022-12-02,13,8422339.0
1404,2022-08-05,12,11938302.0
1405,2022-07-21,2,3436747.0
1406,2022-01-29,9,3413415.0
1407,2023-03-23,16,2694098.0
1408,2022-07-31,8,9174040.0
1409,2022-06-03,4,4705930.0
1410,2022-08-19,11,12363752.0
1411,2022-04-12,17,9061519.0
1412,2022-11-11,8,4876891.0
1413,2022-06-26,8,2247692.0
1414,2022-06-30,6,7583899.0
1415,2023-02-19,2,4003584.0
1416,2022-08-20,15,11361384.0
1417,2022-01-12,1,5768923.0
1418,2022-07-05,6,3976432.0
1419,2022-09-06,4,7542049.0
1420,2023-02-24,13,2100543.0
1421,2022-09-23,15,7216666.0
1422,2023-01-25,9,1126143.0
1423,2022-05-15,3,7763009.0
1424,2022-09-02,2,6838474.0
1425,2022-01-31,16,6725230.0
1426,2022-12-13,6,8694181.0
1427,2022-09-16,11,985702.0
1428,2022-04-14,7,5989764.0
1429,2023-03-07,14,5800666.0
1430,2023-01-17,7,5990378.0
1431,2022-01-01,10,12257686.0
1432,2023-03-05,8,2128306.0
1433,2023-03-14,14,8769679.0
1434,2023-03-10,5,5294053.0
1435,2022-07-26,14,6616305.0
1436,2022-05-15,10,9636847.0
1437,2023-03-23,15,2346374.0
1438,2022-09-28,6,9651202.0
1439,2022-03-30,9,1297486.0
1440,2022-07-14,10,6273880.0
1441,2023-02-18,17,9391954.0
1442,2022-05-02,1,2770245.0
1443,2022-04-26,14,9739534.0
1444,2022-07-15,4,2460091.0
1445,2022-02-05,2,10080827.0
1446,2022-03-08,3,6100674.0
1447,2022-05-13,7,8699892.0
1448,2022-10-08,14,11504748.0
1449,2022-01-11,12,5371479.0
1450,2022-08-06,15,3257138.0
1451,2022-11-18,1,10899327.0
1452,2022-06-05,3,2397481.0
1453,2022-08-28,15,8059286.0
1454,2022-03-01,4,11575202.0
1455,2022-05-18,15,8576480.0
1456,2022-02-19,10,2807957.0
1457,2022-06-16,6,2285022.0
1458,2022-06-14,13,3490282.0
1459,2022-11-15,7,5166452.0
1460,2022-07-08,1,2367866.0
1461,2022-04-02,11,10063660.0
1462,2022-10-21,14,4752276.0
1463,2023-01-11,6,11729845.0
1464,2022-10-16,5,10602015.0
1465,2022-03-16,13,11401260.0
1466,2022-02-14,7,3998637.0
1467,2023-03-04,8,7363465.0
1468,2023-01-20,14,4323467.0
1469,2022-02-22,12,3546230.0
1470,2022-06-24,9,7765396.0
1471,2022-06-10,14,10306844.0
1472,2022-03-08,6,1577854.0
1473,2023-02-03,15,3773014.0
1474,2022-12-27,13,2921867.0
1475,2022-09-27,7,10070120.0
1476,2023-02-11,11,11697133.0
1477,2022-05-04,10,1413310.0
1478,2022-07-01,1,5019522.0
1479,2023-01-11,7,11469834.0
1480,2023-01-27,3,4602891.0
1481,2022-07-01,9,9037570.0
1482,2022-02-05,5,1663030.0
1483,2022-07-31,13,5804870.0
1484,2023-01-19,16,6514774.0
1485,2023-03-12,16,9579852.0
1486,2022-05-14,12,3930337.0
1487,2022-12-19,11,3633472.0
1488,2023-02-16,17,4100760.0
1489,2022-06-27,7,7146143.0
1490,2022-06-15,15,11005853.0
1491,2023-02-18,6,10462844.0
1492,2022-12-03,6,1148245.0
1493,2022-11-25,2,11041409.0
1494,2023-03-14,3,1596068.0
1495,2022-11-23,14,5454944.0
1496,2022-02-15,4,9673123.0
1497,2022-06-05,17,1432208.0
1498,2023-02-05,6,936816.0
1499,2023-03-08,9,4426449.0
1500,2023-03-04,4,9245604.0
1501,2022-08-24,7,6737165.0
1502,2022-11-12,4,5474873.0
1503,2022-03-01,11,10247533.0
1504,2022-01-05,2,9688847.0
1505,2023-03-29,10,9921821.0
1506,2023-03-30,6,5989708.0
1507,2023-01-26,8,684363.0
1508,2022-06-30,15,2524251.0
1509,2022-05-25,13,9382670.0
1510,2022-11-11,2,9525740.0
1511,2022-09-22,1,12166198.0
1512,2022-08-11,15,2741748.0
1513,2023-02-10,7,1931268.0
1514,2022-10-28,10,2122415.0
1515,2023-03-19,15,2676697.0
1516,2022-12-02,5,6818043.0
1517,2022-08-25,11,12201298.0
1518,2022-01-13,8,7552649.0
1519,2022-12-05,8,6748391.0
1520,2022-09-25,6,8563943.0
1521,2023-02-24,15,1340861.0
1522,2022-09-23,15,10275017.0
1523,2022-01-16,5,8244898.0
1524,2022-04-02,13,2512860.0
1525,2022-09-05,14,8050121.0
1526,2022-01-19,11,7634306.0
1527,2022-12-26,12,1231478.0
1528,2023-01-25,1,3666533.0
1529,2023-01-23,3,5160847.0
1530,2023-02-18,8,3400907.0
1531,2022-04-13,12,3380098.0
1532,2022-04-05,15,7354029.0
1533,2023-03-06,3,6123851.0
1534,2022-10-10,8,8490871.0
1535,2023-03-05,6,11974705.0
1536,2022-08-01,11,8409700.0
1537,2022-02-06,12,7464256.0
1538,2023-01-28,2,10663092.0
1539,2022-03-02,5,8066481.0
1540,2022-10-18,4,2445013.0
1541,2022-12-28,9,4242722.0
1542,2022-10-30,13,9286991.0
1543,2022-09-01,13,9347508.0
1544,2023-02-09,15,12343455.0
1545,2023-02-05,2,8005047.0
1546,2022-11-07,13,11289520.0
1547,2022-12-10,7,1107693.0
1548,2022-12-17,17,7272979.0
1549,2022-01-06,8,11534169.0
1550,2023-01-12,15,3911293.0
1551,2023-02-23,15,2316263.0
1552,2022-11-02,5,4673647.0
1553,2022-06-14,2,9996446.0
1554,2022-01-13,16,1470645.0
1555,2022-01-25,5,7684081.0
1556,2022-08-12,6,2084361.0
1557,2022-05-03,12,5698166.0
1558,2022-05-09,5,12090023.0
1559,2022-11-01,8,2801488.0
1560,2022-05-02,11,859899.0
1561,2022-02-04,14,5597800.0
1562,2022-03-24,17,7411232.0
1563,2022-11-05,10,4035089.0
1564,2023-03-12,2,6978304.0
1565,2022-07-01,3,11938493.0
1566,2022-03-17,13,4206838.0
1567,2022-04-14,17,4178596.0
1568,2022-08-20,3,6267353.0
1569,2022-10-30,10,6659562.0
1570,2022-02-12,8,466459.0
1571,2023-02-08,4,7871295.0
1572,2023-02-21,13,12468156.0
1573,2022-04-03,7,3968697.0
1574,2022-05-24,7,8051261.0
1575,2022-09-11,16,505691.0
1576,2022-03-19,5,7732136.0
1577,2022-09-20,17,5837173.0
1578,2022-03-11,10,6840032.0
1579,2022-05-29,4,7004055.0
1580,2022-10-19,14,2582283.0
1581,2022-08-02,5,9728116.0
1582,2022-12-26,2,7143409.0
1583,2022-11-06,14,3705843.0
1584,2022-05-27,11,11745448.0
1585,2022-01-25,16,603923.0
1586,2022-11-19,16,9197543.0
1587,2022-04-19,4,5043884.0
1588,2022-06-30,1,6746665.0
1589,2022-09-08,14,3962692.0
1590,2022-07-22,12,4321089.0
1591,2022-10-31,10,632753.0
1592,2022-06-19,4,9244633.0
1593,2022-06-24,3,9015121.0
1594,2022-12-13,4,8335016.0
1595,2022-06-19,15,11029306.0
1596,2022-01-02,11,11310274.0
1597,2022-05-14,16,7155154.0
1598,2022-05-07,4,8702123.0
1599,2022-02-15,6,582531.0
1600,2022-07-13,8,10648434.0
1601,2022-12-28,13,10287782.0
1602,2022-07-28,4,693996.0
1603,2022-10-23,5,6991044.0
1604,2022-02-27,10,11375200.0
1605,2022-03-19,5,2635725.0
1606,2022-07-21,12,4699371.0
1607,2022-10-16,1,4439197.0
1608,2022-03-03,10,4739083.0
1609,2022-09-25,5,954727.0
1610,2022-05-06,12,3812163.0
1611,2022-02-18,16,4003019.0
1612,2022-03-29,5,10883758.0
1613,2022-11-30,17,4692998.0
1614,2022-09-18,14,5838962.0
1615,2022-06-28,12,5037894.0
1616,2022-03-10,13,1904115.0
1617,2023-01-02,14,12383799.0
1618,2023-02-20,5,10401194.0
1619,2023-03-09,5,6968090.0
1620,2022-03-01,14,6190192.0
1621,2022-10-29,1,8273519.0
1622,2023-03-28,7,4383495.0
1623,2022-09-06,17,1055909.0
1624,2022-06-18,3,5322018.0
1625,2023-03-27,10,12306930.0
1626,2022-09-26,7,2647279.0
1627,2022-12-30,12,6808849.0
1628,2022-04-22,15,552683.0
1629,2022-04-10,16,1920480.0
1630,2023-02-06,8,7525660.0
1631,2022-08-03,6,4033838.0
1632,2022-04-23,4,11363498.0
1633,2022-04-07,11,5344346.0
1634,2022-11-03,17,2956805.0
1635,2022-04-28,2,7024381.0
1636,2022-02-05,6,10029432.0
1637,2022-12-03,4,684007.0
1638,2022-12-25,3,6541517.0
1639,2022-10-17,7,9769790.0
1640,2023-01-31,7,1698243.0
1641,2023-01-24,16,11328722.0
1642,2022-10-31,2,3637435.0
1643,2022-12-26,8,2505773.0
1644,2022-12-13,15,7550536.0
1645,2022-05-04,16,2559125.0
1646,2022-02-09,1,8640403.0
1647,2022-05-21,10,6355730.0
1648,2022-01-26,7,1774969.0
1649,2022-05-22,16,11445506.0
1650,2022-12-18,10,8562125.0
1651,2023-01-30,12,7029216.0
1652,2023-02-26,17,4960804.0
1653,2022-12-02,13,2075062.0
1654,2022-02-26,12,8975596.0
1655,2022-05-30,15,10254553.0
1656,2023-01-02,14,1966117.0
1657,2023-02-04,14,6409540.0
1658,2022-07-24,5,6292397.0
1659,2022-03-17,6,4666436.0
1660,2022-10-12,14,9961570.0
1661,2022-07-29,4,1649334.0
1662,2023-01-21,1,2920482.0
1663,2023-03-14,13,469313.0
1664,2022-09-15,11,4944474.0
1665,2022-09-16,3,3958697.0
1666,2022-07-03,17,10897278.0
1667,2022-11-24,10,9437013.0
1668,2022-01-11,16,1467890.0
1669,2022-06-09,13,9378519.0
1670,2022-09-17,12,8588573.0
1671,2023-01-28,4,3844777.0
1672,2022-03-29,8,636302.0
1673,2023-01-04,12,1837707.0
1674,2022-07-03,15,3461790.0
1675,2022-01-16,16,10290300.0
1676,2022-09-01,12,6057020.0
1677,2022-03-27,12,11516666.0
1678,2022-07-18,16,9959239.0
1679,2022-01-10,11,3909654.0
1680,2022-06-13,14,10636614.0
1681,2022-01-24,2,1856534.0
1682,2022-03-05,13,885216.0
1683,2022-11-08,14,7782884.0
1684,2022-08-26,6,4568004.0
1685,2022-12-11,12,4419580.0
1686,2022-08-26,7,8730859.0
1687,2022-01-22,4,10693751.0
1688,2022-06-29,7,4332215.0
1689,2022-11-02,13,4366417.0
1690,2022-02-16,11,6882905.0
1691,2022-10-06,8,8320862.0
1692,2022-08-12,2,2895015.0
1693,2022-08-06,10,11447784.0
1694,2022-08-25,6,8335719.0
1695,2022-07-23,4,7983200.0
1696,2022-12-05,14,11345557.0
1697,2022-01-19,14,11382544.0
1698,2022-06-29,17,2083379.0
1699,2022-06-11,5,2198160.0
1700,2022-10-12,9,9631482.0
1701,2022-03-02,1,11980403.0
1702,2022-03-26,4,8481490.0
1703,2022-02-04,7,5406370.0
1704,2022-01-05,11,8685851.0
1705,2022-03-17,14,3207179.0
1706,2022-09-10,10,12475494.0
1707,2022-01-07,8,5644577.0
1708,2022-06-18,3,11676816.0
1709,2022-05-10,8,5641117.0
1710,2022-05-18,5,11634084.0
1711,2022-12-24,11,4495010.0
1712,2022-10-27,9,9614543.0
1713,2022-11-22,12,11909574.0
1714,2022-04-01,5,8234067.0
1715,2022-06-12,16,8614661.0
1716,2022-11-14,13,1689779.0
1717,2022-09-10,6,6164350.0
1718,2022-07-20,16,11135403.0
1719,2022-01-20,17,3352964.0
1720,2022-08-17,12,9949774.0
1721,2022-06-12,1,8592304.0
1722,2022-06-14,7,3136981.0
1723,2022-08-20,14,3857634.0
1724,2022-11-24,1,5602109.0
1725,2022-08-26,10,1957807.0
1726,2022-04-30,15,11456124.0
1727,2023-03-14,11,9359259.0
1728,2022-12-17,4,4847817.0
1729,2023-01-18,15,4060969.0
1730,2023-01-04,16,8759425.0
1731,2022-04-17,15,5561862.0
1732,2022-09-07,17,3213506.0
1733,2022-12-02,11,5633317.0
1734,2022-10-11,16,10949129.0
1735,2022-07-17,15,1276710.0
1736,2023-02-20,11,4888717.0
1737,2022-08-08,13,12046190.0
1738,2023-01-30,8,628724.0
1739,2023-03-02,9,11182216.0
1740,2022-05-31,11,4966746.0
1741,2022-10-13,17,2733694.0
1742,2022-09-22,1,630506.0
1743,2022-08-08,11,1299800.0
1744,2022-08-04,7,2520713.0
1745,2022-11-11,8,756181.0
1746,2022-06-05,4,4496991.0
1747,2022-08-04,4,990962.0
1748,2022-12-01,9,8791204.0
1749,2022-12-25,17,10317831.0
1750,2022-04-24,1,11143940.0
1751,2022-06-10,14,7066995.0
1752,2022-10-30,4,11855440.0
1753,2022-04-08,10,518028.0
1754,2023-02-10,14,2064921.0
1755,2022-06-06,7,3982650.0
1756,2022-06-11,12,9957745.0
1757,2022-02-11,16,11118939.0
1758,2022-06-29,5,7898520.0
1759,2022-10-30,11,5067998.0
1760,2022-11-26,4,8473440.0
1761,2022-02-20,13,2629837.0
1762,2022-09-09,8,5967382.0
1763,2023-03-05,7,6565906.0
1764,2022-12-16,11,1713698.0
1765,2022-04-30,11,858166.0
1766,2022-03-16,17,9488771.0
1767,2022-06-11,14,6893212.0
1768,2022-05-29,2,4453476.0
1769,2022-05-03,8,5718605.0
1770,2022-05-21,2,11990326.0
1771,2022-07-01,15,5088211.0
1772,2023-02-13,5,1696925.0
1773,2023-01-13,6,6036406.0
1774,2022-10-04,17,8258983.0
1775,2022-09-14,8,595963.0
1776,2023-03-18,5,4454704.0
1777,2022-11-21,14,5191849.0
1778,2022-09-02,10,6037764.0
1779,2022-03-27,13,4085295.0
1780,2022-03-12,5,8486413.0
1781,2022-09-26,7,11833746.0
1782,2022-06-29,10,11463678.0
1783,2022-10-06,11,8455941.0
1784,2022-05-29,3,6557953.0
1785,2022-01-06,13,10401072.0
1786,2022-05-28,2,10523043.0
1787,2022-11-28,4,10446355.0
1788,2022-06-17,3,2352044.0
1789,2022-01-09,15,756460.0
1790,2022-06-27,4,12297481.0
1791,2022-10-11,4,12013833.0
1792,2023-01-30,15,7250760.0
1793,2022-04-26,6,12416418.0
1794,2022-04-06,5,9735092.0
1795,2022-11-27,12,6684431.0
1796,2022-12-10,7,5141439.0
1797,2022-02-25,3,7594002.0
1798,2022-07-26,7,6665415.0
1799,2022-04-15,12,12425320.0
1800,2022-02-04,15,6360047.0
1801,2022-07-28,6,10522849.0
1802,2022-10-08,8,10254167.0
1803,2023-01-04,6,1310446.0
1804,2022-12-21,3,1498432.0
1805,2022-05-27,5,8400712.0
1806,2022-10-14,9,3572251.0
1807,2022-03-22,16,8373201.0
1808,2022-02-19,16,2192742.0
1809,2022-03-28,9,5234672.0
1810,2022-07-10,13,1684767.0
1811,2022-10-30,11,3849222.0
1812,2022-01-01,10,1513998.0
1813,2023-01-16,10,12145473.0
1814,2023-03-18,6,5210454.0
1815,2022-05-18,16,11309325.0
1816,2022-05-16,12,12152620.0
1817,2022-12-28,4,11410230.0
1818,2023-01-16,5,5932264.0
1819,2022-06-03,2,9835712.0
1820,2022-06-11,1,2302079.0
1821,2022-01-19,4,1592733.0
1822,2022-11-24,12,11016663.0
1823,2022-08-31,2,824998.0
1824,2022-05-09,12,12166545.0
1825,2022-06-25,16,8549213.0
1826,2023-02-13,2,5506337.0
1827,2022-10-07,17,2153573.0
1828,2023-03-07,2,9164935.0
1829,2022-03-25,4,7235497.0
1830,2023-01-11,6,9019080.0
1831,2022-08-10,7,5485963.0
1832,2022-11-21,15,1248434.0
1833,2023-03-27,12,4245415.0
1834,2023-02-20,5,4246000.0
1835,2022-05-25,14,554584.0
1836,2023-03-21,16,565451.0
1837,2022-04-16,11,4435637.0
1838,2022-11-21,12,9217862.0
1839,2022-01-11,17,7969727.0
1840,2022-06-15,7,3330163.0
1841,2022-07-15,9,7713290.0
1842,2022-08-19,14,8250900.0
1843,2022-05-27,12,6746968.0
1844,2022-12-25,15,6732315.0
1845,2022-08-26,12,4905462.0
1846,2023-02-05,13,1936902.0
1847,2022-01-13,9,5095080.0
1848,2022-08-07,7,4611279.0
1849,2022-09-14,1,7583270.0
1850,2022-01-02,10,10767935.0
1851,2022-07-29,6,4973271.0
1852,2022-12-31,15,9002310.0
1853,2022-08-13,15,10232556.0
1854,2022-07-13,9,3001606.0
1855,2022-07-15,13,11314885.0
1856,2023-02-04,1,1298862.0
1857,2022-09-17,9,11315718.0
1858,2022-02-26,3,2421776.0
1859,2022-04-23,9,4512894.0
1860,2022-08-01,15,7743084.0
1861,2022-10-06,7,11363485.0
1862,2022-09-01,4,3531202.0
1863,2023-01-15,17,9651066.0
1864,2022-04-27,4,9010751.0
1865,2023-01-21,5,2374491.0
1866,2023-03-27,16,6227541.0
1867,2022-03-28,3,6252136.0
1868,2023-02-14,11,4120572.0
1869,2023-01-16,15,9848052.0
1870,2023-01-02,14,11607503.0
1871,2022-09-20,16,9084698.0
1872,2022-10-27,6,12174105.0
1873,2023-02-21,5,1058145.0
1874,2022-04-23,17,898533.0
1875,2023-03-24,16,11220997.0
1876,2022-06-13,2,11268494.0
1877,2022-01-04,11,1740805.0
1878,2022-04-28,4,4757225.0
1879,2022-01-23,6,10516505.0
1880,2023-02-13,7,1998915.0
1881,2022-08-21,17,3672508.0
1882,2022-03-31,8,8656002.0
1883,2022-09-12,1,12281884.0
1884,2022-04-02,15,10055523.0
1885,2022-06-04,12,9816677.0
1886,2022-11-03,15,4579085.0
1887,2022-04-25,15,8419184.0
1888,2022-07-26,9,1812714.0
1889,2022-03-22,16,12406818.0
1890,2022-04-13,2,6241041.0
1891,2023-03-29,15,8147635.0
1892,2022-03-21,15,11007871.0
1893,2023-02-11,7,461628.0
1894,2022-04-13,13,12210588.0
1895,2022-08-28,17,4777870.0
1896,2022-09-22,11,4542068.0
1897,2022-02-02,10,2198013.0
1898,2022-02-04,1,10791122.0
1899,2022-09-06,14,10943616.0
1900,2022-02-19,5,690867.0
1901,2022-10-07,8,1121489.0
1902,2022-08-30,1,11516017.0
1903,2022-06-01,7,1930561.0
1904,2022-05-27,2,7932176.0
1905,2022-02-08,7,7916788.0
1906,2022-07-08,7,10930251.0
1907,2022-01-25,9,7350482.0
1908,2022-09-01,4,5679838.0
1909,2022-08-11,7,12191288.0
1910,2022-08-18,13,3207226.0
1911,2022-06-02,11,3615752.0
1912,2023-02-15,9,1471474.0
1913,2022-10-15,14,12202568.0
1914,2023-01-30,8,8961641.0
1915,2023-03-29,14,595770.0
1916,2022-04-18,17,8936984.0
1917,2022-02-02,14,5319840.0
1918,2023-02-07,5,12108974.0
1919,2022-12-29,10,3792519.0
1920,2022-04-21,6,9008950.0
1921,2022-05-01,10,8010582.0
1922,2022-01-16,11,595202.0
1923,2022-08-15,6,11116864.0
1924,2022-01-11,10,2132333.0
1925,2022-07-22,14,8446245.0
1926,2022-07-21,3,9795359.0
1927,2022-04-08,7,8052678.0
1928,2022-04-26,2,1620222.0
1929,2023-03-29,7,12200909.0
1930,2023-03-15,17,3303656.0
1931,2022-10-08,13,8015770.0
1932,2022-12-15,9,10055996.0
1933,2022-08-20,13,11767794.0
1934,2022-04-21,15,7728327.0
1935,2022-12-18,13,3571602.0
1936,2023-02-22,17,10531500.0
1937,2022-01-12,8,2416801.0
1938,2022-01-21,9,718503.0
1939,2022-05-07,9,11393194.0
1940,2022-10-12,8,7383437.0
1941,2023-03-11,16,1289180.0
1942,2022-05-01,7,7435739.0
1943,2022-05-04,17,2197421.0
1944,2023-02-11,7,828201.0
1945,2022-02-02,6,1854115.0
1946,2023-01-27,5,9790045.0
1947,2022-06-19,17,9555714.0
1948,2022-03-18,8,7732034.0
1949,2023-03-29,1,2972406.0
1950,2022-10-24,16,9354553.0
1951,2022-11-26,17,5366945.0
1952,2022-03-04,3,6604581.0
1953,2022-09-27,13,11266570.0
1954,2022-08-04,8,5967183.0
1955,2022-07-09,16,7997712.0
1956,2022-03-16,7,12039105.0
1957,2022-06-23,15,5889248.0
1958,2022-03-08,2,7206771.0
1959,2022-04-03,2,7492196.0
1960,2022-02-22,10,3350574.0
1961,2023-03-12,5,9329911.0
1962,2022-04-04,4,9205976.0
1963,2022-04-23,15,3023359.0
1964,2022-08-17,13,610723.0
1965,2022-09-07,17,12487246.0
1966,2023-01-26,1,7458132.0
1967,2022-07-28,15,2631436.0
1968,2022-07-01,14,3866964.0
1969,2022-09-24,9,7894394.0
1970,2022-10-08,12,2108268.0
1971,2023-03-19,5,899232.0
1972,2023-03-26,2,10071682.0
1973,2022-06-04,7,9075947.0
1974,2022-03-24,9,4180700.0
1975,2022-07-05,4,1154821.0
1976,2022-12-15,2,6309564.0
1977,2022-05-19,1,3778045.0
1978,2022-02-24,12,5243240.0
1979,2022-01-19,13,3751331.0
1980,2022-12-14,14,2561975.0
1981,2023-02-27,5,5113227.0
1982,2022-12-12,3,12076974.0
1983,2023-03-30,4,3658046.0
1984,2022-09-24,17,4498398.0
1985,2022-05-22,11,4417367.0
1986,2022-11-12,8,6237480.0
1987,2022-06-13,12,10614242.0
1988,2022-09-09,9,5295577.0
1989,2022-08-20,5,10164083.0
1990,2022-10-24,17,1835896.0
1991,2023-01-21,13,11233632.0
1992,2023-03-17,6,2682914.0
1993,2022-12-29,14,922378.0
1994,2022-03-01,15,2358171.0
1995,2023-02-08,14,2748535.0
1996,2022-01-22,4,6577475.0
1997,2023-01-19,1,5871756.0
1998,2022-05-06,12,9076287.0
1999,2022-04-13,9,1063961.0
2000,2023-01-23,10,6447360.0
2001,2023-03-16,17,4456278.0
2002,2022-08-09,4,8050011.0
2003,2022-04-20,16,976582.0
2004,2022-02-27,7,870964.0
2005,2022-03-06,9,5598382.0
2006,2022-02-27,8,10226641.0
2007,2022-06-07,7,8536683.0
2008,2022-03-17,10,651308.0
2009,2022-01-19,8,2600589.0
2010,2023-01-19,17,3182114.0
2011,2022-07-09,12,5547860.0
2012,2022-09-07,14,7519924.0
2013,2022-12-26,12,3058345.0
2014,2022-12-29,2,5059296.0
2015,2023-01-09,12,7486518.0
2016,2023-03-28,14,5070395.0
2017,2022-03-20,7,2175192.0
2018,2022-03-25,13,6374517.0
2019,2022-06-21,4,4354130.0
2020,2022-07-31,1,10863470.0
2021,2023-01-09,17,9796280.0
2022,2023-03-21,3,2742815.0
2023,2022-05-29,17,2289261.0
2024,2022-01-10,8,4639504.0
2025,2022-01-30,3,5416703.0
2026,2022-10-07,10,11680819.0
2027,2023-03-08,2,4084530.0
2028,2022-02-24,4,10904391.0
2029,2022-12-26,14,6538977.0
2030,2022-05-07,11,11121766.0
2031,2022-06-29,14,8908543.0
2032,2022-08-20,13,8986087.0
2033,2023-01-16,4,6701510.0
2034,2023-02-26,2,10575664.0
2035,2023-03-27,2,3515819.0
2036,2022-04-03,11,11383583.0
2037,2022-01-08,5,8123149.0
2038,2023-02-17,9,5736442.0
2039,2022-09-04,17,12285388.0
2040,2023-01-29,12,10837270.0
2041,2023-03-29,3,9752853.0
2042,2022-11-27,5,3750525.0
2043,2022-07-15,14,12183575.0
2044,2023-03-09,16,9402999.0
2045,2023-03-18,9,7742868.0
2046,2022-06-12,17,11557681.0
2047,2023-03-10,7,2404289.0
2048,2022-02-09,10,2125143.0
2049,2022-09-11,4,7242747.0
2050,2023-01-31,10,1133399.0
2051,2022-03-26,3,8451042.0
2052,2022-09-29,9,3350931.0
2053,2022-03-19,13,1884270.0
2054,2022-08-01,1,5384425.0
2055,2022-10-31,15,6064693.0
2056,2022-09-12,15,2504343.0
2057,2022-04-01,11,950500.0
2058,2023-01-20,10,5439370.0
2059,2022-07-12,7,9602292.0
2060,2022-09-10,1,10984107.0
2061,2022-10-05,7,1625457.0
2062,2022-05-23,5,6772339.0
2063,2022-09-01,16,3624006.0
2064,2022-07-31,8,4964338.0
2065,2022-07-14,2,11697974.0
2066,2022-09-27,8,4692501.0
2067,2022-11-25,14,4852418.0
2068,2022-01-19,4,2973220.0
2069,2022-02-09,15,12018222.0
2070,2022-04-08,7,5950673.0
2071,2022-01-04,8,7323225.0
2072,2022-02-02,11,5910676.0
2073,2022-10-26,2,3497675.0
2074,2022-06-14,9,10215472.0
2075,2023-03-26,6,793078.0
2076,2022-01-27,1,8767433.0
2077,2022-06-22,3,7610987.0
2078,2022-12-03,10,2188582.0
2079,2022-04-23,5,2449156.0
2080,2023-03-10,12,8393668.0
2081,2023-01-08,1,4211272.0
2082,2023-01-15,9,3652144.0
2083,2022-04-05,13,1162831.0
2084,2022-11-15,7,9686121.0
2085,2022-08-21,16,11086197.0
2086,2022-05-14,8,10329124.0
2087,2022-05-04,7,6065711.0
2088,2023-01-07,4,6884175.0
2089,2022-12-17,10,3369428.0
2090,2022-11-19,1,2532900.0
2091,2023-03-27,17,10367164.0
2092,2022-12-19,13,10070047.0
2093,2022-04-26,13,9817186.0
2094,2023-03-19,9,6033480.0
2095,2022-01-13,5,10867319.0
2096,2023-02-09,1,11611096.0
2097,2022-11-16,2,4406549.0
2098,2022-06-14,11,3157569.0
2099,2022-07-27,4,6044370.0
2100,2022-03-26,9,2610883.0
2101,2022-09-05,5,11102235.0
2102,2023-03-08,5,4522786.0
2103,2022-02-25,8,7392870.0
2104,2022-06-21,2,7616370.0
2105,2022-05-21,7,6655604.0
2106,2022-05-12,17,2336135.0
2107,2022-07-20,11,12391558.0
2108,2023-01-03,15,2529869.0
2109,2022-10-16,3,9505664.0
2110,2023-02-25,13,9985923.0
2111,2022-11-05,3,2199223.0
2112,2022-12-23,2,11694620.0
2113,2023-02-12,5,6327493.0
2114,2022-12-11,5,8028040.0
2115,2022-06-28,13,8188342.0
2116,2023-03-01,8,6534709.0
2117,2022-01-29,16,2161366.0
2118,2023-03-19,16,9508628.0
2119,2023-02-28,1,7460519.0
2120,2022-11-03,8,1880101.0
2121,2022-11-02,2,8888880.0
2122,2023-01-02,5,8918297.0
2123,2022-02-05,15,7059262.0
2124,2022-04-19,14,1541113.0
2125,2022-11-12,3,4699361.0
2126,2022-05-26,7,1063635.0
2127,2022-10-03,4,6205032.0
2128,2023-01-24,11,11372688.0
2129,2022-05-26,12,477148.0
2130,2023-01-15,15,3662996.0
2131,2022-06-17,6,10088302.0
2132,2022-09-14,1,568823.0
2133,2022-10-02,14,572590.0
2134,2022-03-28,7,7810364.0
2135,2022-06-03,10,9959857.0
2136,2022-10-12,9,9806890.0
2137,2022-11-11,2,9843915.0
2138,2022-11-15,8,4800126.0
2139,2022-04-08,1,11086826.0
2140,2022-07-30,2,604669.0
2141,2023-03-22,7,4211874.0
2142,2022-02-17,16,4513112.0
2143,2022-11-14,4,2445132.0
2144,2022-10-01,17,4501523.0
2145,2022-07-13,4,7509904.0
2146,2022-09-09,3,6719366.0
2147,2022-10-10,9,4299100.0
2148,2022-09-19,15,9479397.0
2149,2023-03-30,3,9063226.0
2150,2023-03-19,12,3832393.0
2151,2022-09-19,15,4344902.0
2152,2022-01-31,8,3914618.0
2153,2022-04-15,12,2002657.0
2154,2022-12-16,13,9521019.0
2155,2022-11-08,15,1007632.0
2156,2023-03-14,11,2264495.0
2157,2022-06-18,17,1718919.0
2158,2022-08-24,12,10395335.0
2159,2022-10-01,16,980303.0
2160,2022-12-09,3,8458759.0
2161,2022-08-18,9,985919.0
2162,2022-01-23,7,9926643.0
2163,2022-06-13,5,11448205.0
2164,2022-10-08,10,6316460.0
2165,2022-01-07,12,10144729.0
2166,2022-07-29,8,8962247.0
2167,2022-09-10,3,10037405.0
2168,2023-02-08,11,9689641.0
2169,2022-05-13,8,2924683.0
2170,2022-10-01,13,6469686.0
2171,2022-04-16,10,12022991.0
2172,2022-08-20,12,4589572.0
2173,2022-02-02,7,12144369.0
2174,2022-03-20,11,7477099.0
2175,2022-02-04,10,6012418.0
2176,2022-04-20,3,8375977.0
2177,2022-11-17,7,10280862.0
2178,2022-03-04,4,5200208.0
2179,2022-11-24,8,847098.0
2180,2023-03-31,8,8991116.0
2181,2022-10-24,6,11971810.0
2182,2022-06-27,13,7981089.0
2183,2023-01-19,12,2720394.0
2184,2022-12-30,3,3441323.0
2185,2022-08-20,6,11412496.0
2186,2022-04-14,11,613423.0
2187,2023-02-18,4,7062397.0
2188,2022-10-21,15,2362066.0
2189,2022-02-04,2,3857311.0
2190,2022-07-13,15,4149129.0
2191,2022-06-23,17,3092357.0
2192,2023-01-27,2,9997842.0
2193,2022-04-12,7,4453121.0
2194,2022-11-20,16,4613094.0
2195,2022-10-20,5,5908732.0
2196,2022-03-26,16,11322658.0
2197,2023-02-01,2,8742485.0
2198,2022-07-20,15,1194084.0
2199,2022-06-22,4,923106.0
2200,2022-01-29,2,7274990.0
2201,2022-10-24,10,11139080.0
2202,2022-02-25,5,4345180.0
2203,2022-01-16,4,3435651.0
2204,2022-05-20,1,9465702.0
2205,2022-03-07,6,7705201.0
2206,2023-03-22,14,7258579.0
2207,2022-05-27,10,2249079.0
2208,2022-06-07,9,2570334.0
2209,2023-02-04,12,3845543.0
2210,2023-02-01,10,2942409.0
2211,2022-03-10,6,12155909.0
2212,2022-01-23,14,674263.0
2213,2022-07-09,8,7993979.0
2214,2022-09-05,14,6687066.0
2215,2023-02-19,11,4345177.0
2216,2022-11-05,16,11145444.0
2217,2023-01-11,6,8525459.0
2218,2022-05-25,15,12480170.0
2219,2023-01-19,15,2482304.0
2220,2022-11-01,14,1508807.0
2221,2022-06-26,12,2129737.0
2222,2022-07-14,2,3694956.0
2223,2023-02-14,8,5472283.0
2224,2022-01-13,14,10844370.0
2225,2022-12-30,5,3867281.0
2226,2022-06-15,9,11478682.0
2227,2022-05-30,13,6028038.0
2228,2022-12-07,9,8247194.0
2229,2023-02-17,14,3636113.0
2230,2022-02-14,5,2329966.0
2231,2022-06-23,2,10926956.0
2232,2022-06-16,7,1769549.0
2233,2022-07-16,16,9776957.0
2234,2022-07-25,11,7450861.0
2235,2022-03-23,11,10826710.0
2236,2022-03-09,12,9099712.0
2237,2022-04-07,13,3844052.0
2238,2022-06-16,8,7371853.0
2239,2023-02-08,16,607537.0
2240,2022-03-18,1,6176381.0
2241,2022-08-25,13,1486464.0
2242,2022-07-15,11,5618787.0
2243,2022-10-18,4,1770822.0
2244,2022-05-16,4,11963532.0
2245,2022-11-04,15,6752969.0
2246,2022-10-23,3,11454277.0
2247,2023-01-12,2,719513.0
2248,2023-01-04,6,8133722.0
2249,2023-01-02,8,4148802.0
2250,2022-02-05,17,5653539.0
2251,2023-01-25,5,10970703.0
2252,2022-09-05,2,12259254.0
2253,2022-09-11,12,3420228.0
2254,2022-08-02,5,11876452.0
2255,2022-09-09,10,8749160.0
2256,2022-03-11,9,11914538.0
2257,2022-08-22,8,7226522.0
2258,2022-11-25,1,12027113.0
2259,2022-01-16,6,11204088.0
2260,2022-06-23,11,1999530.0
2261,2022-07-06,3,4195019.0
2262,2022-10-21,15,3378911.0
2263,2022-08-13,11,7343797.0
2264,2022-10-01,5,10123733.0
2265,2022-01-12,16,9600908.0
2266,2022-11-06,7,9207327.0
2267,2022-08-07,6,4971942.0
2268,2023-03-07,9,2132624.0
2269,2022-01-01,7,2987532.0
2270,2023-02-03,3,9387213.0
2271,2022-04-21,11,2227789.0
2272,2022-10-04,12,3136508.0
2273,2022-05-09,11,5565859.0
2274,2022-04-03,2,1318955.0
2275,2023-03-27,1,3012939.0
2276,2023-01-31,2,2254706.0
2277,2023-01-15,14,11913427.0
2278,2023-02-16,13,2757887.0
2279,2022-02-08,5,10834325.0
2280,2023-02-25,2,1833318.0
2281,2022-11-12,17,10929561.0
2282,2022-06-08,11,7673177.0
2283,2022-07-05,16,10688956.0
2284,2022-12-19,8,10901552.0
2285,2022-09-13,2,7636301.0
2286,2022-08-27,17,11508215.0
2287,2022-04-14,11,7504652.0
2288,2023-01-30,14,9036409.0
2289,2023-01-01,16,5463770.0
2290,2022-01-29,15,11464516.0
2291,2022-03-30,15,10381159.0
2292,2023-01-10,3,2458893.0
2293,2023-02-01,7,7395474.0
2294,2022-02-20,12,11256769.0
2295,2022-12-30,3,10006427.0
2296,2023-03-14,10,12048761.0
2297,2022-05-27,8,3237185.0
2298,2022-11-10,16,4877889.0
2299,2022-02-05,16,6561662.0
2300,2022-10-11,12,3253663.0
2301,2023-03-28,5,5198245.0
2302,2023-01-22,6,6927347.0
2303,2022-04-11,6,2755637.0
2304,2022-04-17,8,3543088.0
2305,2022-12-11,17,1954352.0
2306,2023-03-01,12,9046246.0
2307,2022-10-18,14,4806701.0
2308,2022-12-15,2,3104207.0
2309,2022-04-15,6,6563256.0
2310,2022-08-09,4,1272404.0
2311,2022-03-17,5,11577050.0
2312,2022-08-15,6,3998334.0
2313,2022-03-25,15,11131895.0
2314,2022-03-17,6,6446322.0
2315,2022-09-06,8,10694313.0
2316,2022-09-12,9,3427127.0
2317,2022-02-19,6,2562011.0
2318,2022-12-22,2,10685412.0
2319,2022-07-29,16,3015733.0
2320,2022-06-07,1,9441654.0
2321,2022-11-24,16,4602235.0
2322,2022-08-21,1,9465734.0
2323,2023-01-06,1,11387138.0
2324,2022-03-18,7,12278743.0
2325,2022-08-11,16,4785704.0
2326,2022-05-01,17,4878686.0
2327,2023-03-30,16,12275722.0
2328,2022-11-06,16,10831414.0
2329,2022-11-23,6,993358.0
2330,2022-12-07,3,7360072.0
2331,2022-12-24,8,2633999.0
2332,2022-04-17,4,12427851.0
2333,2022-08-29,4,2124022.0
2334,2023-03-11,17,7190139.0
2335,2022-01-28,5,8465640.0
2336,2022-07-11,14,11741629.0
2337,2022-09-06,15,10659463.0
2338,2022-12-30,12,3411345.0
2339,2022-08-01,13,7350119.0
2340,2022-01-21,14,11940566.0
2341,2022-06-04,7,9315388.0
2342,2022-01-27,6,8744453.0
2343,2022-03-18,5,9546558.0
2344,2022-11-02,4,4336200.0
2345,2023-02-17,14,9237490.0
2346,2023-02-27,16,3255900.0
2347,2022-02-26,14,5608638.0
2348,2022-04-29,5,11173642.0
2349,2022-06-14,11,678602.0
2350,2022-03-05,12,5442540.0
2351,2022-02-17,4,3665202.0
2352,2022-05-30,13,2843005.0
2353,2022-06-07,13,10554834.0
2354,2022-06-05,4,8842808.0
2355,2022-05-31,7,1807224.0
2356,2022-08-13,2,6408283.0
2357,2022-09-17,6,6076215.0
2358,2023-01-22,16,2167460.0
2359,2022-09-13,3,10087141.0
2360,2022-03-02,15,4868421.0
2361,2022-12-18,10,9631350.0
2362,2022-09-17,9,2764355.0
2363,2022-11-17,11,4246635.0
2364,2023-01-31,14,1596810.0
2365,2023-02-01,12,2178925.0
2366,2022-06-11,7,11092361.0
2367,2023-01-15,11,1764807.0
2368,2023-03-19,17,1603561.0
2369,2022-12-15,9,11781547.0
2370,2022-01-31,13,8233137.0
2371,2022-03-12,16,1666038.0
2372,2023-02-01,3,12159187.0
2373,2023-03-14,5,2222555.0
2374,2022-01-02,17,9684466.0
2375,2023-02-21,1,869959.0
2376,2022-02-19,9,7975729.0
2377,2022-05-15,17,7037782.0
2378,2022-05-26,13,2956446.0
2379,2022-06-28,15,8199911.0
2380,2022-09-21,8,7885489.0
2381,2022-11-07,8,10070138.0
2382,2022-07-23,2,11004282.0
2383,2022-10-26,10,6596765.0
2384,2022-07-06,5,6358057.0
2385,2022-01-30,16,7940229.0
2386,2022-02-28,1,9236951.0
2387,2022-01-09,13,4741863.0
2388,2022-11-20,4,6530935.0
2389,2022-06-16,7,7500505.0
2390,2022-12-03,1,12359956.0
2391,2023-01-30,2,7531932.0
2392,2023-01-14,16,3151448.0
2393,2023-01-21,14,7535278.0
2394,2022-10-06,5,10324970.0
2395,2022-07-10,14,10781714.0
2396,2022-08-30,17,10093018.0
2397,2022-10-05,12,11152923.0
2398,2023-03-21,12,4483934.0
2399,2022-06-03,3,6566226.0
2400,2023-01-31,2,9844073.0
2401,2022-06-09,15,3636622.0
2402,2022-09-22,11,4927556.0
2403,2022-08-23,10,10465426.0
2404,2023-03-29,2,9729532.0
2405,2022-12-12,7,12152955.0
2406,2022-07-18,7,12451487.0
2407,2022-02-02,7,3350972.0
2408,2023-02-12,14,11300422.0
2409,2022-03-30,2,1588912.0
2410,2022-04-05,2,9003093.0
2411,2022-08-09,15,3102198.0
2412,2022-03-10,11,4068749.0
2413,2022-10-21,10,11853170.0
2414,2022-08-25,3,3620972.0
2415,2023-01-30,17,8561793.0
2416,2022-06-09,9,2596449.0
2417,2022-11-16,15,1575349.0
2418,2022-11-24,14,4538770.0
2419,2022-10-03,17,7971563.0
2420,2022-10-17,17,3437739.0
2421,2023-01-02,16,4067034.0
2422,2022-02-11,8,8990194.0
2423,2023-01-27,7,1688692.0
2424,2022-03-07,12,5835206.0
2425,2022-01-21,1,11797901.0
2426,2022-12-01,12,5233509.0
2427,2022-03-11,6,5682122.0
2428,2022-09-18,16,9345362.0
2429,2022-09-03,3,9837089.0
2430,2022-11-19,3,9723757.0
2431,2022-08-23,5,12474298.0
2432,2023-03-03,3,1310986.0
2433,2022-09-29,5,12286152.0
2434,2022-04-09,14,11899785.0
2435,2022-11-25,16,10718274.0
2436,2022-02-04,1,5922213.0
2437,2022-12-05,17,10944374.0
2438,2022-06-20,11,3111031.0
2439,2022-04-20,9,9989453.0
2440,2022-10-22,4,2682122.0
2441,2022-01-10,2,10275112.0
2442,2022-07-21,9,7855076.0
2443,2023-02-08,5,1631277.0
2444,2022-09-14,4,11238601.0
2445,2022-09-19,5,7414384.0
2446,2022-06-30,13,8357792.0
2447,2023-03-06,5,3866296.0
2448,2022-03-07,3,10953208.0
2449,2022-10-21,6,7019669.0
2450,2022-06-10,6,5524499.0
2451,2022-03-08,5,6888095.0
2452,2022-04-10,1,8924923.0
2453,2022-03-18,8,8825327.0
2454,2022-02-04,1,4758804.0
2455,2022-02-14,6,5092362.0
2456,2022-05-30,14,7224970.0
2457,2022-03-09,11,11589106.0
2458,2022-09-11,2,9432435.0
2459,2022-01-17,4,5154501.0
2460,2022-09-18,13,4511243.0
2461,2022-08-01,7,6759822.0
2462,2022-11-09,6,10933396.0
2463,2022-09-13,3,554585.0
2464,2022-08-04,9,9011357.0
2465,2022-12-17,14,3998873.0
2466,2023-02-28,11,2961190.0
2467,2022-10-13,5,596263.0
2468,2023-03-02,14,11253917.0
2469,2022-01-07,8,11442594.0
2470,2023-01-15,7,1190080.0
2471,2022-07-18,7,6737875.0
2472,2022-04-01,3,2288522.0
2473,2022-05-27,3,9592185.0
2474,2023-03-01,13,8467967.0
2475,2023-02-22,1,4030426.0
2476,2022-05-30,5,1859371.0
2477,2022-02-21,4,10466209.0
2478,2022-08-31,16,8574742.0
2479,2022-08-07,15,532180.0
2480,2022-01-06,17,8015855.0
2481,2022-04-19,14,10214067.0
2482,2022-12-17,14,7568755.0
2483,2023-02-13,6,5567800.0
2484,2022-03-07,13,7486216.0
2485,2022-01-10,15,7917530.0
2486,2022-07-21,7,8162417.0
2487,2022-10-09,17,12102893.0
2488,2023-01-24,9,2602706.0
2489,2022-08-02,11,7958272.0
2490,2022-03-09,5,2715320.0
2491,2022-09-04,2,2979978.0
2492,2022-12-20,15,8514557.0
2493,2022-11-23,12,11487247.0
2494,2022-02-19,10,2366483.0
2495,2022-01-17,10,12047710.0
2496,2022-01-11,11,4298437.0
2497,2022-11-05,10,5165334.0
2498,2022-11-02,7,2301854.0
2499,2023-01-27,14,7870825.0
2500,2022-05-04,13,7636867.0
2501,2022-08-13,5,5779350.0
2502,2022-09-01,10,6186901.0
2503,2022-11-14,8,7956859.0
2504,2022-11-28,1,7481133.0
2505,2023-01-14,5,4959874.0
2506,2022-12-12,11,11103578.0
2507,2022-01-29,11,8495309.0
2508,2022-12-24,16,2925146.0
2509,2022-12-23,10,4304831.0
2510,2023-01-01,15,9943931.0
2511,2023-03-04,7,1709531.0
2512,2022-12-31,15,9490296.0
2513,2023-03-05,16,4774051.0
2514,2022-10-12,6,7097877.0
2515,2022-02-28,11,3830725.0
2516,2022-05-23,17,12336802.0
2517,2022-11-22,15,11365376.0
2518,2022-12-18,16,11637821.0
2519,2022-10-27,2,2676545.0
2520,2022-08-14,4,10592366.0
2521,2022-06-13,6,6901535.0
2522,2022-03-25,11,8979703.0
2523,2023-01-12,9,3070924.0
2524,2022-11-09,3,9029415.0
2525,2022-04-27,2,11466920.0
2526,2022-11-16,15,3673151.0
2527,2022-07-23,15,3261986.0
2528,2022-12-21,17,1708195.0
2529,2022-10-21,11,3665020.0
2530,2022-05-25,3,6906297.0
2531,2022-01-27,13,10484231.0
2532,2022-01-17,14,3809543.0
2533,2022-03-04,4,7934790.0
2534,2022-09-24,5,6229068.0
2535,2022-03-05,14,3927377.0
2536,2022-02-08,12,6599827.0
2537,2022-05-10,7,2473947.0
2538,2022-04-25,12,8156910.0
2539,2023-03-26,8,1843736.0
2540,2023-03-14,3,9258315.0
2541,2023-02-17,1,2591438.0
2542,2022-02-14,3,12477818.0
2543,2022-08-04,11,10375255.0
2544,2022-03-29,7,4593276.0
2545,2022-12-02,9,5585768.0
2546,2023-02-19,4,3573252.0
2547,2022-06-26,10,9693730.0
2548,2022-09-22,16,5037760.0
2549,2023-02-15,12,9549985.0
2550,2023-03-16,3,671739.0
2551,2022-04-15,8,2084233.0
2552,2023-01-16,9,4847941.0
2553,2022-11-30,17,1762348.0
2554,2022-10-28,13,7693592.0
2555,2022-06-20,2,1062527.0
2556,2022-04-18,4,10810144.0
2557,2023-02-10,11,9623761.0
2558,2022-12-21,2,3055891.0
2559,2022-06-10,4,6279692.0
2560,2022-10-10,4,5894348.0
2561,2022-02-09,1,9184619.0
2562,2022-01-26,11,5288182.0
2563,2022-03-24,2,846870.0
2564,2022-06-22,8,3748517.0
2565,2022-06-22,4,6067659.0
2566,2022-10-09,16,12192631.0
2567,2022-03-11,15,11067962.0
2568,2022-11-19,5,2635944.0
2569,2022-01-06,5,9165475.0
2570,2022-10-11,15,11738747.0
2571,2022-07-14,17,555951.0
2572,2022-01-13,3,9137395.0
2573,2022-03-04,11,5984969.0
2574,2022-01-13,6,8646846.0
2575,2022-09-06,12,7747351.0
2576,2022-07-24,17,12315219.0
2577,2023-01-20,14,3930226.0
2578,2022-09-10,6,9923023.0
2579,2022-02-09,10,3277411.0
2580,2022-06-14,16,5699076.0
2581,2022-01-31,6,12203340.0
2582,2022-01-17,3,9681942.0
2583,2022-05-17,12,4255646.0
2584,2022-12-31,16,7913400.0
2585,2022-11-16,3,1048790.0
2586,2022-11-09,16,3660059.0
2587,2023-02-01,4,9106605.0
2588,2022-06-14,13,7319628.0
2589,2023-02-02,4,6109558.0
2590,2022-10-08,4,8775057.0
2591,2022-08-11,7,5251430.0
2592,2022-05-02,12,765182.0
2593,2022-03-19,2,5764371.0
2594,2022-11-09,16,11320657.0
2595,2022-11-23,7,10772212.0
2596,2022-03-29,11,5378416.0
2597,2022-04-23,1,717768.0
2598,2022-04-10,9,8117503.0
2599,2023-03-02,5,9381393.0
2600,2023-03-02,17,3995635.0
2601,2022-10-30,1,6193801.0
2602,2023-01-07,17,12401874.0
2603,2023-03-04,12,7394933.0
2604,2023-03-01,13,4680453.0
2605,2023-01-22,11,8011241.0
2606,2022-08-27,13,2619269.0
2607,2022-12-12,13,2850991.0
2608,2022-04-21,6,11595343.0
2609,2022-03-31,6,3332360.0
2610,2023-01-20,10,4195012.0
2611,2022-05-19,3,7002516.0
2612,2022-05-15,7,11291296.0
2613,2022-01-12,5,9866459.0
2614,2022-09-01,8,977596.0
2615,2023-02-26,5,8801008.0
2616,2022-07-01,12,6523941.0
2617,2022-07-14,4,6180412.0
2618,2022-12-28,3,8783278.0
2619,2022-05-02,7,2814596.0
2620,2022-02-22,8,12276938.0
2621,2023-02-20,15,8225944.0
2622,2022-12-22,17,4856157.0
2623,2022-06-22,4,7682437.0
2624,2022-06-28,16,3058474.0
2625,2022-10-20,13,8087794.0
2626,2023-01-10,12,790017.0
2627,2022-02-28,4,4561242.0
2628,2022-02-23,12,9457579.0
2629,2023-02-06,17,10186133.0
2630,2022-09-14,9,3497679.0
2631,2022-09-02,12,6949884.0
2632,2022-05-29,15,6818339.0
2633,2022-10-11,2,5528545.0
2634,2023-01-03,9,3202617.0
2635,2022-01-16,14,8923900.0
2636,2022-06-25,4,3490958.0
2637,2022-01-28,4,11427860.0
2638,2023-02-10,6,6818441.0
2639,2023-01-03,5,10939264.0
2640,2022-05-09,17,3953450.0
2641,2022-08-11,13,10175304.0
2642,2023-01-07,17,1819646.0
2643,2022-09-01,1,9690306.0
2644,2023-03-02,17,5112697.0
2645,2022-12-20,3,6113381.0
2646,2022-08-26,14,2460028.0
2647,2022-08-20,12,674464.0
2648,2022-11-22,15,8477680.0
2649,2022-04-02,6,7532005.0
2650,2022-01-03,2,7950259.0
2651,2022-03-22,4,3522771.0
2652,2022-02-13,13,3333293.0
2653,2022-06-04,13,10455071.0
2654,2023-03-11,17,9623096.0
2655,2022-01-24,6,4508321.0
2656,2023-02-08,11,8135559.0
2657,2023-02-20,16,10429208.0
2658,2022-04-09,8,11160395.0
2659,2023-02-01,1,519965.0
2660,2023-01-03,10,10252222.0
2661,2022-06-20,2,4672228.0
2662,2022-05-28,14,9106458.0
2663,2022-05-03,3,4925386.0
2664,2022-04-22,9,7755301.0
2665,2022-05-10,8,8243728.0
2666,2022-03-09,11,5330163.0
2667,2022-12-13,15,6629063.0
2668,2022-11-12,6,9202076.0
2669,2022-08-05,2,6189478.0
2670,2023-01-23,1,618465.0
2671,2023-01-15,3,605496.0
2672,2022-04-06,14,8418796.0
2673,2022-05-25,17,10659212.0
2674,2023-01-20,2,9912546.0
2675,2022-02-02,9,4190324.0
2676,2022-10-13,8,6127091.0
2677,2022-01-05,10,3271637.0
2678,2022-04-28,9,12369256.0
2679,2022-05-20,8,3589103.0
2680,2022-08-18,7,5465952.0
2681,2022-06-09,6,8657604.0
2682,2022-10-21,2,11006013.0
2683,2022-09-06,9,1070282.0
2684,2022-09-30,9,4077287.0
2685,2022-07-05,9,7306279.0
2686,2022-12-31,2,7900673.0
2687,2022-02-09,16,1293831.0
2688,2022-08-12,14,8452149.0
2689,2022-06-01,1,6813176.0
2690,2022-05-20,13,10422910.0
2691,2023-01-02,2,3127380.0
2692,2022-05-08,14,2800075.0
2693,2022-12-17,1,10009714.0
2694,2022-05-27,15,8931623.0
2695,2022-10-12,9,9989664.0
2696,2022-08-06,8,9872306.0
2697,2023-03-12,7,1703208.0
2698,2022-08-08,9,3806926.0
2699,2022-05-25,9,3584026.0
2700,2022-11-25,11,11711777.0
2701,2022-10-04,4,6323972.0
2702,2022-08-30,7,1788238.0
2703,2022-03-01,7,3939414.0
2704,2022-04-08,4,10956415.0
2705,2022-11-27,12,10657150.0
2706,2023-01-10,17,11299091.0
2707,2023-02-08,3,5131772.0
2708,2023-01-04,9,8178159.0
2709,2022-06-30,5,3801996.0
2710,2022-04-24,16,2628945.0
2711,2022-04-13,8,713908.0
2712,2022-12-02,16,3142463.0
2713,2022-11-15,16,7732708.0
2714,2022-02-26,15,11345734.0
2715,2022-10-12,14,2057718.0
2716,2022-05-09,16,11512039.0
2717,2023-01-15,5,4611892.0
2718,2022-11-11,8,5593282.0
2719,2023-03-24,16,4847991.0
2720,2022-03-27,1,5373728.0
2721,2022-07-19,11,3573277.0
2722,2022-03-12,11,8868186.0
2723,2022-12-11,2,9586106.0
2724,2022-04-08,5,10368510.0
2725,2022-10-27,3,4562539.0
2726,2022-06-25,8,9663754.0
2727,2022-08-21,4,8133988.0
2728,2023-01-07,13,11992889.0
2729,2022-03-16,14,5568661.0
2730,2022-05-23,1,12407332.0
2731,2023-02-23,5,9371748.0
2732,2022-01-23,7,9804147.0
2733,2022-06-30,6,759744.0
2734,2022-02-14,15,6443650.0
2735,2022-04-02,15,6816457.0
2736,2022-09-26,8,939231.0
2737,2022-02-03,2,4211181.0
2738,2022-06-15,14,11965512.0
2739,2022-03-11,16,5584643.0
2740,2022-12-30,10,2699759.0
2741,2022-07-15,15,6635731.0
2742,2022-05-13,4,856875.0
2743,2022-09-04,12,6667664.0
2744,2023-01-17,10,7610933.0
2745,2022-06-17,2,4760217.0
2746,2023-03-30,4,9639043.0
2747,2022-10-04,6,2085355.0
2748,2022-06-05,14,11032110.0
2749,2023-01-22,3,11963111.0
2750,2022-01-23,15,464876.0
2751,2022-07-19,1,10604796.0
2752,2022-10-02,1,6548567.0
2753,2022-02-19,13,6009938.0
2754,2022-07-05,8,3326083.0
2755,2022-01-20,3,5840267.0
2756,2022-04-26,9,11902647.0
2757,2022-04-02,6,2989991.0
2758,2022-12-15,2,2607447.0
2759,2022-12-05,4,3364850.0
2760,2022-02-22,7,7099602.0
2761,2022-05-03,11,11660113.0
2762,2022-12-07,5,7365273.0
2763,2022-12-04,8,3383964.0
2764,2022-09-22,11,5757450.0
2765,2022-01-04,15,5154322.0
2766,2022-06-18,3,1011162.0
2767,2022-10-08,7,6603234.0
2768,2022-10-17,8,1968377.0
2769,2022-03-14,11,10599041.0
2770,2022-05-17,10,7065003.0
2771,2022-12-04,9,10627508.0
2772,2022-09-13,15,11970338.0
2773,2022-05-21,5,11815419.0
2774,2023-01-28,15,1660173.0
2775,2022-07-27,4,11835046.0
2776,2022-09-17,5,10038754.0
2777,2023-02-22,15,9820780.0
2778,2022-09-20,17,1536049.0
2779,2022-09-28,8,2613152.0
2780,2022-02-07,9,12200719.0
2781,2022-07-22,10,3021110.0
2782,2022-08-12,5,2487093.0
2783,2022-12-13,10,4816337.0
2784,2022-02-21,1,11455942.0
2785,2022-03-22,4,6188131.0
2786,2022-12-22,5,11543034.0
2787,2022-07-30,7,4478782.0
2788,2022-01-07,5,3179670.0
2789,2022-12-29,8,6417196.0
2790,2022-02-14,17,7866497.0
2791,2022-11-11,1,5167563.0
2792,2023-01-13,12,4619668.0
2793,2022-10-04,3,3077614.0
2794,2023-02-16,14,3763832.0
2795,2022-09-16,16,8561071.0
2796,2022-05-22,10,4906976.0
2797,2022-09-15,15,1411072.0
2798,2022-10-12,10,2114772.0
2799,2023-02-06,1,4937169.0
2800,2022-02-06,2,11590254.0
